{
  "latitude": 43.2140504,
  "longitude": 27.914733299999998,
  "timezone": "Europe/Sofia",
  "currently": {
    "time": 1516536363,
    "summary": "Mostly Cloudy",
    "icon": "partly-cloudy-day",
    "precipIntensity": 0.0381,
    "precipProbability": 0.17,
    "precipType": "rain",
    "temperature": 4.43,
    "apparentTemperature": 0.41,
    "dewPoint": 2.57,
    "humidity": 0.88,
    "pressure": 1010.66,
    "windSpeed": 19.7,
    "windGust": 26.09,
    "windBearing": 107,
    "cloudCover": 0.82,
    "uvIndex": 1,
    "visibility": 10.01,
    "ozone": 386.34
  },
  "hourly": {
    "summary": "Light rain this evening and tomorrow morning and windy starting tomorrow morning.",
    "icon": "rain",
    "data": [
      {
        "time": 1516536000,
        "summary": "Mostly Cloudy",
        "icon": "partly-cloudy-day",
        "precipIntensity": 0.0305,
        "precipProbability": 0.15,
        "precipType": "rain",
        "temperature": 4.41,
        "apparentTemperature": 0.38,
        "dewPoint": 2.52,
        "humidity": 0.87,
        "pressure": 1010.74,
        "windSpeed": 19.75,
        "windGust": 26.01,
        "windBearing": 107,
        "cloudCover": 0.81,
        "uvIndex": 1,
        "visibility": 10.01,
        "ozone": 386.45
      },
      {
        "time": 1516539600,
        "summary": "Mostly Cloudy",
        "icon": "partly-cloudy-day",
        "precipIntensity": 0.0965,
        "precipProbability": 0.29,
        "precipType": "rain",
        "temperature": 4.59,
        "apparentTemperature": 0.64,
        "dewPoint": 2.99,
        "humidity": 0.89,
        "pressure": 1009.96,
        "windSpeed": 19.47,
        "windGust": 26.83,
        "windBearing": 113,
        "cloudCover": 0.89,
        "uvIndex": 0,
        "visibility": 10.01,
        "ozone": 385.4
      },
      {
        "time": 1516543200,
        "summary": "Overcast",
        "icon": "cloudy",
        "precipIntensity": 0.2692,
        "precipProbability": 0.46,
        "precipType": "rain",
        "temperature": 4.6,
        "apparentTemperature": 0.78,
        "dewPoint": 3.43,
        "humidity": 0.92,
        "pressure": 1009.18,
        "windSpeed": 18.44,
        "windGust": 27.05,
        "windBearing": 116,
        "cloudCover": 0.96,
        "uvIndex": 0,
        "visibility": 10.01,
        "ozone": 384.42
      },
      {
        "time": 1516546800,
        "summary": "Overcast",
        "icon": "cloudy",
        "precipIntensity": 0.4902,
        "precipProbability": 0.58,
        "precipType": "rain",
        "temperature": 4.69,
        "apparentTemperature": 0.97,
        "dewPoint": 3.82,
        "humidity": 0.94,
        "pressure": 1008.41,
        "windSpeed": 17.82,
        "windGust": 27.17,
        "windBearing": 115,
        "cloudCover": 1,
        "uvIndex": 0,
        "visibility": 10.01,
        "ozone": 383.61
      },
      {
        "time": 1516550400,
        "summary": "Light Rain",
        "icon": "rain",
        "precipIntensity": 0.6985,
        "precipProbability": 0.65,
        "precipType": "rain",
        "temperature": 4.91,
        "apparentTemperature": 1.24,
        "dewPoint": 4.16,
        "humidity": 0.95,
        "pressure": 1007.65,
        "windSpeed": 17.82,
        "windGust": 27.13,
        "windBearing": 109,
        "cloudCover": 1,
        "uvIndex": 0,
        "ozone": 383.23
      },
      {
        "time": 1516554000,
        "summary": "Light Rain",
        "icon": "rain",
        "precipIntensity": 0.8814,
        "precipProbability": 0.7,
        "precipType": "rain",
        "temperature": 5.18,
        "apparentTemperature": 1.57,
        "dewPoint": 4.46,
        "humidity": 0.95,
        "pressure": 1006.88,
        "windSpeed": 17.93,
        "windGust": 26.97,
        "windBearing": 100,
        "cloudCover": 1,
        "uvIndex": 0,
        "ozone": 383.12
      },
      {
        "time": 1516557600,
        "summary": "Light Rain",
        "icon": "rain",
        "precipIntensity": 0.9576,
        "precipProbability": 0.72,
        "precipType": "rain",
        "temperature": 5.58,
        "apparentTemperature": 2.04,
        "dewPoint": 4.7,
        "humidity": 0.94,
        "pressure": 1006.08,
        "windSpeed": 18.15,
        "windGust": 27.31,
        "windBearing": 91,
        "cloudCover": 1,
        "uvIndex": 0,
        "ozone": 383.29
      },
      {
        "time": 1516561200,
        "summary": "Light Rain",
        "icon": "rain",
        "precipIntensity": 0.8458,
        "precipProbability": 0.7,
        "precipType": "rain",
        "temperature": 6.06,
        "apparentTemperature": 2.54,
        "dewPoint": 4.94,
        "humidity": 0.93,
        "pressure": 1005.2,
        "windSpeed": 18.93,
        "windGust": 28.71,
        "windBearing": 84,
        "cloudCover": 1,
        "uvIndex": 0,
        "ozone": 384.03
      },
      {
        "time": 1516564800,
        "summary": "Overcast",
        "icon": "cloudy",
        "precipIntensity": 0.6452,
        "precipProbability": 0.65,
        "precipType": "rain",
        "temperature": 6.57,
        "apparentTemperature": 3.07,
        "dewPoint": 5.14,
        "humidity": 0.91,
        "pressure": 1004.28,
        "windSpeed": 19.91,
        "windGust": 30.61,
        "windBearing": 78,
        "cloudCover": 1,
        "uvIndex": 0,
        "ozone": 385.04
      },
      {
        "time": 1516568400,
        "summary": "Overcast",
        "icon": "cloudy",
        "precipIntensity": 0.5055,
        "precipProbability": 0.61,
        "precipType": "rain",
        "temperature": 6.89,
        "apparentTemperature": 3.47,
        "dewPoint": 5.31,
        "humidity": 0.9,
        "pressure": 1003.38,
        "windSpeed": 19.94,
        "windGust": 31.43,
        "windBearing": 72,
        "cloudCover": 1,
        "uvIndex": 0,
        "ozone": 385.81
      },
      {
        "time": 1516572000,
        "summary": "Overcast",
        "icon": "cloudy",
        "precipIntensity": 0.4293,
        "precipProbability": 0.61,
        "precipType": "rain",
        "temperature": 7.02,
        "apparentTemperature": 3.84,
        "dewPoint": 5.48,
        "humidity": 0.9,
        "pressure": 1002.49,
        "windSpeed": 18.14,
        "windGust": 30.4,
        "windBearing": 66,
        "cloudCover": 1,
        "uvIndex": 0,
        "ozone": 386.22
      },
      {
        "time": 1516575600,
        "summary": "Overcast",
        "icon": "cloudy",
        "precipIntensity": 0.4064,
        "precipProbability": 0.62,
        "precipType": "rain",
        "temperature": 6.94,
        "apparentTemperature": 4.08,
        "dewPoint": 5.63,
        "humidity": 0.91,
        "pressure": 1001.62,
        "windSpeed": 15.61,
        "windGust": 28.37,
        "windBearing": 59,
        "cloudCover": 1,
        "uvIndex": 0,
        "ozone": 386.42
      },
      {
        "time": 1516579200,
        "summary": "Overcast",
        "icon": "cloudy",
        "precipIntensity": 0.4521,
        "precipProbability": 0.66,
        "precipType": "rain",
        "temperature": 6.78,
        "apparentTemperature": 4.13,
        "dewPoint": 5.68,
        "humidity": 0.93,
        "pressure": 1000.86,
        "windSpeed": 13.81,
        "windGust": 26.36,
        "windBearing": 49,
        "cloudCover": 1,
        "uvIndex": 0,
        "ozone": 386.52
      },
      {
        "time": 1516582800,
        "summary": "Overcast",
        "icon": "cloudy",
        "precipIntensity": 0.6172,
        "precipProbability": 0.71,
        "precipType": "rain",
        "temperature": 6.57,
        "apparentTemperature": 4.07,
        "dewPoint": 5.59,
        "humidity": 0.93,
        "pressure": 1000.24,
        "windSpeed": 12.6,
        "windGust": 23.71,
        "windBearing": 27,
        "cloudCover": 1,
        "uvIndex": 0,
        "ozone": 386.59
      },
      {
        "time": 1516586400,
        "summary": "Light Rain",
        "icon": "rain",
        "precipIntensity": 0.8814,
        "precipProbability": 0.75,
        "precipType": "rain",
        "temperature": 6.46,
        "apparentTemperature": 4.06,
        "dewPoint": 5.38,
        "humidity": 0.93,
        "pressure": 999.74,
        "windSpeed": 11.88,
        "windGust": 21.1,
        "windBearing": 359,
        "cloudCover": 1,
        "uvIndex": 0,
        "ozone": 386.59
      },
      {
        "time": 1516590000,
        "summary": "Light Rain",
        "icon": "rain",
        "precipIntensity": 1.0008,
        "precipProbability": 0.76,
        "precipType": "rain",
        "temperature": 6.39,
        "apparentTemperature": 3.81,
        "dewPoint": 5.11,
        "humidity": 0.92,
        "pressure": 999.44,
        "windSpeed": 12.89,
        "windGust": 21.69,
        "windBearing": 340,
        "cloudCover": 1,
        "uvIndex": 0,
        "ozone": 386.6
      },
      {
        "time": 1516593600,
        "summary": "Light Rain",
        "icon": "rain",
        "precipIntensity": 0.7442,
        "precipProbability": 0.73,
        "precipType": "rain",
        "temperature": 6.41,
        "apparentTemperature": 3.3,
        "dewPoint": 4.77,
        "humidity": 0.89,
        "pressure": 999.4,
        "windSpeed": 16.43,
        "windGust": 27.87,
        "windBearing": 334,
        "cloudCover": 1,
        "uvIndex": 0,
        "ozone": 386.67
      },
      {
        "time": 1516597200,
        "summary": "Overcast",
        "icon": "cloudy",
        "precipIntensity": 0.4013,
        "precipProbability": 0.64,
        "precipType": "rain",
        "temperature": 6.35,
        "apparentTemperature": 2.61,
        "dewPoint": 4.38,
        "humidity": 0.87,
        "pressure": 999.57,
        "windSpeed": 21.57,
        "windGust": 37.21,
        "windBearing": 336,
        "cloudCover": 1,
        "uvIndex": 0,
        "ozone": 386.83
      },
      {
        "time": 1516600800,
        "summary": "Overcast",
        "icon": "cloudy",
        "precipIntensity": 0.2311,
        "precipProbability": 0.56,
        "precipType": "rain",
        "temperature": 6.16,
        "apparentTemperature": 1.86,
        "dewPoint": 3.98,
        "humidity": 0.86,
        "pressure": 999.91,
        "windSpeed": 26.7,
        "windGust": 45.8,
        "windBearing": 341,
        "cloudCover": 1,
        "uvIndex": 0,
        "ozone": 387.21
      },
      {
        "time": 1516604400,
        "summary": "Breezy and Overcast",
        "icon": "wind",
        "precipIntensity": 0.221,
        "precipProbability": 0.53,
        "precipType": "rain",
        "temperature": 5.81,
        "apparentTemperature": 0.96,
        "dewPoint": 3.59,
        "humidity": 0.86,
        "pressure": 1000.48,
        "windSpeed": 32.03,
        "windGust": 52.64,
        "windBearing": 346,
        "cloudCover": 1,
        "uvIndex": 0,
        "ozone": 388.16
      },
      {
        "time": 1516608000,
        "summary": "Breezy and Overcast",
        "icon": "wind",
        "precipIntensity": 0.2794,
        "precipProbability": 0.55,
        "precipType": "rain",
        "temperature": 5.27,
        "apparentTemperature": -0.17,
        "dewPoint": 3.18,
        "humidity": 0.86,
        "pressure": 1001.21,
        "windSpeed": 37.64,
        "windGust": 58.64,
        "windBearing": 354,
        "cloudCover": 1,
        "uvIndex": 0,
        "ozone": 389.37
      },
      {
        "time": 1516611600,
        "summary": "Windy and Overcast",
        "icon": "wind",
        "precipIntensity": 0.3226,
        "precipProbability": 0.54,
        "precipType": "rain",
        "temperature": 4.63,
        "apparentTemperature": -1.32,
        "dewPoint": 2.73,
        "humidity": 0.87,
        "pressure": 1001.89,
        "windSpeed": 42,
        "windGust": 63.12,
        "windBearing": 359,
        "cloudCover": 1,
        "uvIndex": 1,
        "ozone": 390.42
      },
      {
        "time": 1516615200,
        "summary": "Windy and Overcast",
        "icon": "wind",
        "precipIntensity": 0.2642,
        "precipProbability": 0.5,
        "precipType": "rain",
        "temperature": 4.05,
        "apparentTemperature": -2.26,
        "dewPoint": 2.28,
        "humidity": 0.88,
        "pressure": 1002.35,
        "windSpeed": 44.39,
        "windGust": 65.31,
        "windBearing": 1,
        "cloudCover": 1,
        "uvIndex": 1,
        "ozone": 391.18
      },
      {
        "time": 1516618800,
        "summary": "Windy and Overcast",
        "icon": "wind",
        "precipIntensity": 0.1829,
        "precipProbability": 0.42,
        "precipType": "rain",
        "temperature": 3.58,
        "apparentTemperature": -2.97,
        "dewPoint": 1.81,
        "humidity": 0.88,
        "pressure": 1002.75,
        "windSpeed": 45.53,
        "windGust": 65.87,
        "windBearing": 0,
        "cloudCover": 1,
        "uvIndex": 1,
        "ozone": 391.8
      },
      {
        "time": 1516622400,
        "summary": "Windy and Overcast",
        "icon": "wind",
        "precipIntensity": 0.1448,
        "precipProbability": 0.37,
        "precipType": "rain",
        "temperature": 3.13,
        "apparentTemperature": -3.61,
        "dewPoint": 1.26,
        "humidity": 0.88,
        "pressure": 1003.41,
        "windSpeed": 46.04,
        "windGust": 66.34,
        "windBearing": 359,
        "cloudCover": 1,
        "uvIndex": 1,
        "ozone": 391.75
      },
      {
        "time": 1516626000,
        "summary": "Windy and Overcast",
        "icon": "wind",
        "precipIntensity": 0.1753,
        "precipProbability": 0.37,
        "precipType": "rain",
        "temperature": 2.51,
        "apparentTemperature": -4.47,
        "dewPoint": 0.54,
        "humidity": 0.87,
        "pressure": 1004.55,
        "windSpeed": 46.22,
        "windGust": 67.32,
        "windBearing": 358,
        "cloudCover": 1,
        "uvIndex": 0,
        "ozone": 390.69
      },
      {
        "time": 1516629600,
        "summary": "Windy and Overcast",
        "icon": "wind",
        "precipIntensity": 0.2438,
        "precipProbability": 0.39,
        "precipType": "rain",
        "temperature": 1.77,
        "apparentTemperature": -5.43,
        "dewPoint": -0.26,
        "humidity": 0.86,
        "pressure": 1005.95,
        "windSpeed": 45.79,
        "windGust": 68.17,
        "windBearing": 356,
        "cloudCover": 1,
        "uvIndex": 0,
        "ozone": 389
      },
      {
        "time": 1516633200,
        "summary": "Light Snow and Windy",
        "icon": "snow",
        "precipIntensity": 0.2667,
        "precipProbability": 0.37,
        "precipAccumulation": 0.203,
        "precipType": "snow",
        "temperature": 1.11,
        "apparentTemperature": -6.27,
        "dewPoint": -0.94,
        "humidity": 0.86,
        "pressure": 1007.28,
        "windSpeed": 45.08,
        "windGust": 67.82,
        "windBearing": 356,
        "cloudCover": 1,
        "uvIndex": 0,
        "ozone": 387.67
      },
      {
        "time": 1516636800,
        "summary": "Windy and Overcast",
        "icon": "wind",
        "precipIntensity": 0.1981,
        "precipProbability": 0.3,
        "precipAccumulation": 0.15,
        "precipType": "snow",
        "temperature": 0.69,
        "apparentTemperature": -6.76,
        "dewPoint": -1.41,
        "humidity": 0.86,
        "pressure": 1008.46,
        "windSpeed": 44.05,
        "windGust": 65.47,
        "windBearing": 355,
        "cloudCover": 1,
        "uvIndex": 0,
        "ozone": 387.2
      },
      {
        "time": 1516640400,
        "summary": "Windy and Overcast",
        "icon": "wind",
        "precipIntensity": 0.1041,
        "precipProbability": 0.22,
        "precipAccumulation": 0.079,
        "precipType": "snow",
        "temperature": 0.45,
        "apparentTemperature": -6.98,
        "dewPoint": -1.77,
        "humidity": 0.85,
        "pressure": 1009.58,
        "windSpeed": 42.7,
        "windGust": 61.96,
        "windBearing": 355,
        "cloudCover": 1,
        "uvIndex": 0,
        "ozone": 386.97
      },
      {
        "time": 1516644000,
        "summary": "Windy and Overcast",
        "icon": "wind",
        "precipIntensity": 0.0457,
        "precipProbability": 0.15,
        "precipAccumulation": 0.036,
        "precipType": "snow",
        "temperature": 0.34,
        "apparentTemperature": -7.03,
        "dewPoint": -2.1,
        "humidity": 0.84,
        "pressure": 1010.66,
        "windSpeed": 41.33,
        "windGust": 59.05,
        "windBearing": 355,
        "cloudCover": 1,
        "uvIndex": 0,
        "ozone": 387.08
      },
      {
        "time": 1516647600,
        "summary": "Breezy and Overcast",
        "icon": "wind",
        "precipIntensity": 0.0178,
        "precipProbability": 0.09,
        "precipAccumulation": 0.013,
        "precipType": "snow",
        "temperature": 0.28,
        "apparentTemperature": -6.99,
        "dewPoint": -2.39,
        "humidity": 0.82,
        "pressure": 1011.69,
        "windSpeed": 39.9,
        "windGust": 57.57,
        "windBearing": 355,
        "cloudCover": 1,
        "uvIndex": 0,
        "ozone": 387.76
      },
      {
        "time": 1516651200,
        "summary": "Breezy and Overcast",
        "icon": "wind",
        "precipIntensity": 0.0025,
        "precipProbability": 0.05,
        "precipAccumulation": 0,
        "precipType": "snow",
        "temperature": 0.23,
        "apparentTemperature": -6.94,
        "dewPoint": -2.62,
        "humidity": 0.81,
        "pressure": 1012.67,
        "windSpeed": 38.45,
        "windGust": 56.76,
        "windBearing": 354,
        "cloudCover": 0.99,
        "uvIndex": 0,
        "ozone": 388.83
      },
      {
        "time": 1516654800,
        "summary": "Breezy and Overcast",
        "icon": "wind",
        "precipIntensity": 0,
        "precipProbability": 0,
        "temperature": 0.1,
        "apparentTemperature": -7.01,
        "dewPoint": -2.85,
        "humidity": 0.81,
        "pressure": 1013.57,
        "windSpeed": 37.22,
        "windGust": 55.84,
        "windBearing": 353,
        "cloudCover": 0.97,
        "uvIndex": 0,
        "ozone": 389.18
      },
      {
        "time": 1516658400,
        "summary": "Breezy and Mostly Cloudy",
        "icon": "wind",
        "precipIntensity": 0,
        "precipProbability": 0,
        "temperature": -0.14,
        "apparentTemperature": -7.27,
        "dewPoint": -3.04,
        "humidity": 0.81,
        "pressure": 1014.37,
        "windSpeed": 36.48,
        "windGust": 54.56,
        "windBearing": 352,
        "cloudCover": 0.9,
        "uvIndex": 0,
        "ozone": 388.41
      },
      {
        "time": 1516662000,
        "summary": "Breezy and Mostly Cloudy",
        "icon": "wind",
        "precipIntensity": 0.0051,
        "precipProbability": 0.05,
        "precipAccumulation": 0,
        "precipType": "snow",
        "temperature": -0.47,
        "apparentTemperature": -7.66,
        "dewPoint": -3.24,
        "humidity": 0.81,
        "pressure": 1015.09,
        "windSpeed": 36,
        "windGust": 53.24,
        "windBearing": 351,
        "cloudCover": 0.82,
        "uvIndex": 0,
        "ozone": 387.06
      },
      {
        "time": 1516665600,
        "summary": "Breezy and Mostly Cloudy",
        "icon": "wind",
        "precipIntensity": 0.0102,
        "precipProbability": 0.05,
        "precipAccumulation": 0,
        "precipType": "snow",
        "temperature": -0.85,
        "apparentTemperature": -8.11,
        "dewPoint": -3.49,
        "humidity": 0.82,
        "pressure": 1015.77,
        "windSpeed": 35.52,
        "windGust": 52.37,
        "windBearing": 350,
        "cloudCover": 0.74,
        "uvIndex": 0,
        "ozone": 385.92
      },
      {
        "time": 1516669200,
        "summary": "Breezy and Mostly Cloudy",
        "icon": "wind",
        "precipIntensity": 0.0076,
        "precipProbability": 0.04,
        "precipAccumulation": 0,
        "precipType": "snow",
        "temperature": -1.24,
        "apparentTemperature": -8.57,
        "dewPoint": -3.83,
        "humidity": 0.82,
        "pressure": 1016.35,
        "windSpeed": 34.94,
        "windGust": 52.55,
        "windBearing": 349,
        "cloudCover": 0.66,
        "uvIndex": 0,
        "ozone": 385.54
      },
      {
        "time": 1516672800,
        "summary": "Breezy and Partly Cloudy",
        "icon": "wind",
        "precipIntensity": 0.0051,
        "precipProbability": 0.03,
        "precipAccumulation": 0,
        "precipType": "snow",
        "temperature": -1.54,
        "apparentTemperature": -8.92,
        "dewPoint": -4.23,
        "humidity": 0.82,
        "pressure": 1016.89,
        "windSpeed": 34.41,
        "windGust": 53.2,
        "windBearing": 349,
        "cloudCover": 0.58,
        "uvIndex": 0,
        "ozone": 385.37
      },
      {
        "time": 1516676400,
        "summary": "Breezy and Partly Cloudy",
        "icon": "wind",
        "precipIntensity": 0.0025,
        "precipProbability": 0.02,
        "precipAccumulation": 0,
        "precipType": "snow",
        "temperature": -1.68,
        "apparentTemperature": -9.04,
        "dewPoint": -4.6,
        "humidity": 0.8,
        "pressure": 1017.54,
        "windSpeed": 33.68,
        "windGust": 53.29,
        "windBearing": 349,
        "cloudCover": 0.51,
        "uvIndex": 0,
        "ozone": 385.11
      },
      {
        "time": 1516680000,
        "summary": "Breezy and Partly Cloudy",
        "icon": "wind",
        "precipIntensity": 0.0025,
        "precipProbability": 0.02,
        "precipAccumulation": 0,
        "precipType": "snow",
        "temperature": -1.69,
        "apparentTemperature": -8.93,
        "dewPoint": -4.94,
        "humidity": 0.78,
        "pressure": 1018.44,
        "windSpeed": 32.61,
        "windGust": 52.29,
        "windBearing": 350,
        "cloudCover": 0.4,
        "uvIndex": 0,
        "ozone": 384.67
      },
      {
        "time": 1516683600,
        "summary": "Breezy and Partly Cloudy",
        "icon": "wind",
        "precipIntensity": 0.0025,
        "precipProbability": 0.02,
        "precipAccumulation": 0,
        "precipType": "snow",
        "temperature": -1.68,
        "apparentTemperature": -8.79,
        "dewPoint": -5.27,
        "humidity": 0.76,
        "pressure": 1019.45,
        "windSpeed": 31.38,
        "windGust": 50.71,
        "windBearing": 350,
        "cloudCover": 0.3,
        "uvIndex": 0,
        "ozone": 384.03
      },
      {
        "time": 1516687200,
        "summary": "Partly Cloudy",
        "icon": "partly-cloudy-day",
        "precipIntensity": 0.0025,
        "precipProbability": 0.02,
        "precipAccumulation": 0,
        "precipType": "snow",
        "temperature": -1.51,
        "apparentTemperature": -8.46,
        "dewPoint": -5.45,
        "humidity": 0.74,
        "pressure": 1020.38,
        "windSpeed": 30.37,
        "windGust": 48.99,
        "windBearing": 351,
        "cloudCover": 0.26,
        "uvIndex": 0,
        "ozone": 383.32
      },
      {
        "time": 1516690800,
        "summary": "Breezy and Partly Cloudy",
        "icon": "wind",
        "precipIntensity": 0.0025,
        "precipProbability": 0.02,
        "precipAccumulation": 0,
        "precipType": "snow",
        "temperature": -1.08,
        "apparentTemperature": -7.85,
        "dewPoint": -5.43,
        "humidity": 0.72,
        "pressure": 1021.15,
        "windSpeed": 29.85,
        "windGust": 46.98,
        "windBearing": 352,
        "cloudCover": 0.34,
        "uvIndex": 0,
        "ozone": 382.73
      },
      {
        "time": 1516694400,
        "summary": "Partly Cloudy",
        "icon": "partly-cloudy-day",
        "precipIntensity": 0,
        "precipProbability": 0,
        "temperature": -0.48,
        "apparentTemperature": -7.04,
        "dewPoint": -5.28,
        "humidity": 0.7,
        "pressure": 1021.85,
        "windSpeed": 29.66,
        "windGust": 44.8,
        "windBearing": 352,
        "cloudCover": 0.49,
        "uvIndex": 1,
        "ozone": 381.92
      },
      {
        "time": 1516698000,
        "summary": "Mostly Cloudy",
        "icon": "partly-cloudy-day",
        "precipIntensity": 0,
        "precipProbability": 0,
        "temperature": -0.07,
        "apparentTemperature": -6.49,
        "dewPoint": -5.12,
        "humidity": 0.69,
        "pressure": 1022.42,
        "windSpeed": 29.55,
        "windGust": 43.1,
        "windBearing": 353,
        "cloudCover": 0.6,
        "uvIndex": 1,
        "ozone": 380.74
      },
      {
        "time": 1516701600,
        "summary": "Mostly Cloudy",
        "icon": "partly-cloudy-day",
        "precipIntensity": 0,
        "precipProbability": 0,
        "temperature": 0.44,
        "apparentTemperature": -5.84,
        "dewPoint": -4.97,
        "humidity": 0.67,
        "pressure": 1022.8,
        "windSpeed": 29.6,
        "windGust": 42.16,
        "windBearing": 352,
        "cloudCover": 0.66,
        "uvIndex": 1,
        "ozone": 378.9
      },
      {
        "time": 1516705200,
        "summary": "Mostly Cloudy",
        "icon": "partly-cloudy-day",
        "precipIntensity": 0,
        "precipProbability": 0,
        "temperature": 0.88,
        "apparentTemperature": -5.27,
        "dewPoint": -4.8,
        "humidity": 0.66,
        "pressure": 1023.02,
        "windSpeed": 29.72,
        "windGust": 41.73,
        "windBearing": 351,
        "cloudCover": 0.67,
        "uvIndex": 1,
        "ozone": 376.73
      },
      {
        "time": 1516708800,
        "summary": "Mostly Cloudy",
        "icon": "partly-cloudy-day",
        "precipIntensity": 0,
        "precipProbability": 0,
        "temperature": 1.14,
        "apparentTemperature": -4.92,
        "dewPoint": -4.76,
        "humidity": 0.65,
        "pressure": 1023.44,
        "windSpeed": 29.5,
        "windGust": 41.47,
        "windBearing": 349,
        "cloudCover": 0.62,
        "uvIndex": 1,
        "ozone": 374.22
      }
    ]
  },
  "daily": {
    "summary": "Light rain today and tomorrow, with temperatures falling to 1°C on Wednesday.",
    "icon": "rain",
    "data": [
      {
        "time": 1516485600,
        "summary": "Light rain in the evening.",
        "icon": "rain",
        "sunriseTime": 1516512914,
        "sunsetTime": 1516547170,
        "moonPhase": 0.13,
        "precipIntensity": 0.2997,
        "precipIntensityMax": 0.9576,
        "precipIntensityMaxTime": 1516557600,
        "precipProbability": 0.92,
        "precipType": "rain",
        "temperatureHigh": 5.18,
        "temperatureHighTime": 1516554000,
        "temperatureLow": 5.58,
        "temperatureLowTime": 1516557600,
        "apparentTemperatureHigh": 1.57,
        "apparentTemperatureHighTime": 1516554000,
        "apparentTemperatureLow": 1.86,
        "apparentTemperatureLowTime": 1516600800,
        "dewPoint": 1.92,
        "humidity": 0.93,
        "pressure": 1010.46,
        "windSpeed": 5.97,
        "windGust": 31.43,
        "windGustTime": 1516568400,
        "windBearing": 90,
        "cloudCover": 0.81,
        "uvIndex": 1,
        "uvIndexTime": 1516521600,
        "visibility": 10.01,
        "ozone": 391.3,
        "temperatureMin": 0.13,
        "temperatureMinTime": 1516514400,
        "temperatureMax": 6.89,
        "temperatureMaxTime": 1516568400,
        "apparentTemperatureMin": -4.48,
        "apparentTemperatureMinTime": 1516496400,
        "apparentTemperatureMax": 3.47,
        "apparentTemperatureMaxTime": 1516568400
      },
      {
        "time": 1516572000,
        "summary": "Light rain in the morning and windy throughout the day.",
        "icon": "rain",
        "sunriseTime": 1516599271,
        "sunsetTime": 1516633647,
        "moonPhase": 0.17,
        "precipIntensity": 0.3175,
        "precipIntensityMax": 1.0008,
        "precipIntensityMaxTime": 1516590000,
        "precipProbability": 0.95,
        "precipType": "rain",
        "temperatureHigh": 6.35,
        "temperatureHighTime": 1516597200,
        "temperatureLow": -1.69,
        "temperatureLowTime": 1516680000,
        "apparentTemperatureHigh": 2.61,
        "apparentTemperatureHighTime": 1516597200,
        "apparentTemperatureLow": -9.04,
        "apparentTemperatureLowTime": 1516676400,
        "dewPoint": 1.96,
        "humidity": 0.87,
        "pressure": 1004.16,
        "windSpeed": 31.08,
        "windGust": 68.17,
        "windGustTime": 1516629600,
        "windBearing": 358,
        "cloudCover": 1,
        "uvIndex": 1,
        "uvIndexTime": 1516611600,
        "ozone": 388.2,
        "temperatureMin": 0.1,
        "temperatureMinTime": 1516654800,
        "temperatureMax": 7.02,
        "temperatureMaxTime": 1516572000,
        "apparentTemperatureMin": -7.03,
        "apparentTemperatureMinTime": 1516644000,
        "apparentTemperatureMax": 4.13,
        "apparentTemperatureMaxTime": 1516579200
      },
      {
        "time": 1516658400,
        "summary": "Breezy in the morning and partly cloudy until afternoon.",
        "icon": "wind",
        "sunriseTime": 1516685626,
        "sunsetTime": 1516720125,
        "moonPhase": 0.2,
        "precipIntensity": 0.0025,
        "precipIntensityMax": 0.0102,
        "precipIntensityMaxTime": 1516665600,
        "precipProbability": 0.08,
        "precipAccumulation": 0.038,
        "precipType": "snow",
        "temperatureHigh": 1.14,
        "temperatureHighTime": 1516708800,
        "temperatureLow": -5,
        "temperatureLowTime": 1516762800,
        "apparentTemperatureHigh": -4.92,
        "apparentTemperatureHighTime": 1516708800,
        "apparentTemperatureLow": -11.93,
        "apparentTemperatureLowTime": 1516759200,
        "dewPoint": -5.25,
        "humidity": 0.73,
        "pressure": 1022.29,
        "windSpeed": 30.06,
        "windGust": 54.56,
        "windGustTime": 1516658400,
        "windBearing": 352,
        "cloudCover": 0.39,
        "uvIndex": 1,
        "uvIndexTime": 1516694400,
        "ozone": 376.11,
        "temperatureMin": -2.83,
        "temperatureMinTime": 1516741200,
        "temperatureMax": 1.14,
        "temperatureMaxTime": 1516708800,
        "apparentTemperatureMin": -9.59,
        "apparentTemperatureMinTime": 1516741200,
        "apparentTemperatureMax": -4.92,
        "apparentTemperatureMaxTime": 1516708800
      },
      {
        "time": 1516744800,
        "summary": "Clear throughout the day.",
        "icon": "clear-day",
        "sunriseTime": 1516771979,
        "sunsetTime": 1516806603,
        "moonPhase": 0.24,
        "precipIntensity": 0,
        "precipIntensityMax": 0.0025,
        "precipIntensityMaxTime": 1516816800,
        "precipProbability": 0,
        "temperatureHigh": 0.61,
        "temperatureHighTime": 1516795200,
        "temperatureLow": -4.34,
        "temperatureLowTime": 1516842000,
        "apparentTemperatureHigh": -4.22,
        "apparentTemperatureHighTime": 1516795200,
        "apparentTemperatureLow": -8.14,
        "apparentTemperatureLowTime": 1516842000,
        "dewPoint": -7.73,
        "humidity": 0.69,
        "pressure": 1035.22,
        "windSpeed": 18.23,
        "windGust": 39.03,
        "windGustTime": 1516744800,
        "windBearing": 359,
        "cloudCover": 0.02,
        "uvIndex": 2,
        "uvIndexTime": 1516788000,
        "ozone": 365.72,
        "temperatureMin": -5,
        "temperatureMinTime": 1516762800,
        "temperatureMax": 0.61,
        "temperatureMaxTime": 1516795200,
        "apparentTemperatureMin": -11.93,
        "apparentTemperatureMinTime": 1516759200,
        "apparentTemperatureMax": -4.22,
        "apparentTemperatureMaxTime": 1516795200
      },
      {
        "time": 1516831200,
        "summary": "Clear throughout the day.",
        "icon": "clear-day",
        "sunriseTime": 1516858330,
        "sunsetTime": 1516893082,
        "moonPhase": 0.27,
        "precipIntensity": 0,
        "precipIntensityMax": 0.0051,
        "precipIntensityMaxTime": 1516903200,
        "precipProbability": 0,
        "temperatureHigh": 3.57,
        "temperatureHighTime": 1516881600,
        "temperatureLow": -1.64,
        "temperatureLowTime": 1516935600,
        "apparentTemperatureHigh": 2.33,
        "apparentTemperatureHighTime": 1516874400,
        "apparentTemperatureLow": -6.04,
        "apparentTemperatureLowTime": 1516935600,
        "dewPoint": -5.69,
        "humidity": 0.69,
        "pressure": 1033.99,
        "windSpeed": 1.09,
        "windGust": 12.84,
        "windGustTime": 1516831200,
        "windBearing": 60,
        "cloudCover": 0,
        "uvIndex": 2,
        "uvIndexTime": 1516874400,
        "ozone": 338.74,
        "temperatureMin": -4.34,
        "temperatureMinTime": 1516842000,
        "temperatureMax": 3.57,
        "temperatureMaxTime": 1516881600,
        "apparentTemperatureMin": -8.14,
        "apparentTemperatureMinTime": 1516842000,
        "apparentTemperatureMax": 2.33,
        "apparentTemperatureMaxTime": 1516874400
      },
      {
        "time": 1516917600,
        "summary": "Partly cloudy starting in the afternoon, continuing until evening.",
        "icon": "partly-cloudy-day",
        "sunriseTime": 1516944679,
        "sunsetTime": 1516979561,
        "moonPhase": 0.31,
        "precipIntensity": 0,
        "precipIntensityMax": 0,
        "precipProbability": 0,
        "temperatureHigh": 4.98,
        "temperatureHighTime": 1516968000,
        "temperatureLow": 0.88,
        "temperatureLowTime": 1517011200,
        "apparentTemperatureHigh": 2,
        "apparentTemperatureHighTime": 1516968000,
        "apparentTemperatureLow": -2.57,
        "apparentTemperatureLowTime": 1516989600,
        "dewPoint": -2.79,
        "humidity": 0.74,
        "pressure": 1028.82,
        "windSpeed": 6.47,
        "windGust": 18.89,
        "windGustTime": 1516935600,
        "windBearing": 69,
        "cloudCover": 0.16,
        "uvIndex": 2,
        "uvIndexTime": 1516960800,
        "ozone": 330.8,
        "temperatureMin": -1.64,
        "temperatureMinTime": 1516935600,
        "temperatureMax": 4.98,
        "temperatureMaxTime": 1516968000,
        "apparentTemperatureMin": -6.04,
        "apparentTemperatureMinTime": 1516935600,
        "apparentTemperatureMax": 2,
        "apparentTemperatureMaxTime": 1516968000
      },
      {
        "time": 1517004000,
        "summary": "Partly cloudy throughout the day.",
        "icon": "partly-cloudy-day",
        "sunriseTime": 1517031026,
        "sunsetTime": 1517066041,
        "moonPhase": 0.35,
        "precipIntensity": 0.0025,
        "precipIntensityMax": 0.0076,
        "precipIntensityMaxTime": 1517054400,
        "precipProbability": 0.04,
        "precipType": "rain",
        "temperatureHigh": 6.19,
        "temperatureHighTime": 1517054400,
        "temperatureLow": -0.2,
        "temperatureLowTime": 1517101200,
        "apparentTemperatureHigh": 4.31,
        "apparentTemperatureHighTime": 1517054400,
        "apparentTemperatureLow": -1.39,
        "apparentTemperatureLowTime": 1517094000,
        "dewPoint": -0.58,
        "humidity": 0.79,
        "pressure": 1030.09,
        "windSpeed": 8.74,
        "windGust": 10.98,
        "windGustTime": 1517032800,
        "windBearing": 106,
        "cloudCover": 0.49,
        "uvIndex": 1,
        "uvIndexTime": 1517040000,
        "ozone": 349.02,
        "temperatureMin": 0.88,
        "temperatureMinTime": 1517011200,
        "temperatureMax": 6.19,
        "temperatureMaxTime": 1517054400,
        "apparentTemperatureMin": -2.02,
        "apparentTemperatureMinTime": 1517014800,
        "apparentTemperatureMax": 4.31,
        "apparentTemperatureMaxTime": 1517054400
      },
      {
        "time": 1517090400,
        "summary": "Partly cloudy starting in the evening.",
        "icon": "partly-cloudy-night",
        "sunriseTime": 1517117371,
        "sunsetTime": 1517152521,
        "moonPhase": 0.38,
        "precipIntensity": 0.0025,
        "precipIntensityMax": 0.0127,
        "precipIntensityMaxTime": 1517162400,
        "precipProbability": 0.07,
        "precipType": "rain",
        "temperatureHigh": 6.4,
        "temperatureHighTime": 1517140800,
        "temperatureLow": 1.17,
        "temperatureLowTime": 1517187600,
        "apparentTemperatureHigh": 3.98,
        "apparentTemperatureHighTime": 1517140800,
        "apparentTemperatureLow": -2.66,
        "apparentTemperatureLowTime": 1517187600,
        "dewPoint": -1.64,
        "humidity": 0.75,
        "pressure": 1031.58,
        "windSpeed": 6.82,
        "windGust": 23.27,
        "windGustTime": 1517158800,
        "windBearing": 281,
        "cloudCover": 0.34,
        "uvIndex": 2,
        "uvIndexTime": 1517133600,
        "ozone": 363.93,
        "temperatureMin": -0.2,
        "temperatureMinTime": 1517101200,
        "temperatureMax": 6.4,
        "temperatureMaxTime": 1517140800,
        "apparentTemperatureMin": -1.86,
        "apparentTemperatureMinTime": 1517166000,
        "apparentTemperatureMax": 3.98,
        "apparentTemperatureMaxTime": 1517140800
      }
    ]
  },
  "flags": {
    "sources": [
      "isd",
      "cmc",
      "gfs",
      "madis"
    ],
    "isd-stations": [
      "154620-99999",
      "154790-99999",
      "154930-99999",
      "154931-99999",
      "154990-99999",
      "155440-99999",
      "155460-99999",
      "155490-99999",
      "155500-99999",
      "155520-99999",
      "155561-99999",
      "155610-99999",
      "155620-99999",
      "156460-99999",
      "156550-99999",
      "156620-99999"
    ],
    "units": "ca"
  },
  "offset": 2
}