{
  "city_name": "Varna",
  "data": [
    {
      "wind_cdir": "NE",
      "rh": 91,
      "wind_spd": 5,
      "pop": 15,
      "wind_cdir_full": "northeast",
      "slp": 1015.1,
      "app_max_temp": 0.5,
      "pres": 990.16,
      "dewpt": 1.7,
      "snow": 0,
      "uv": 2,
      "ts": 1519300800,
      "wind_dir": 45,
      "weather": {
        "icon": "c04d",
        "code": "804",
        "description": "Overcast clouds"
      },
      "app_min_temp": -1.1,
      "max_temp": 4.3,
      "snow_depth": 3,
      "precip": 31.45,
      "max_dhi": 256.1,
      "datetime": "2018-02-22",
      "temp": 3,
      "min_temp": 3,
      "clouds": 99,
      "vis": 8
    },
    {
      "wind_cdir": "NE",
      "rh": 85,
      "wind_spd": 1,
      "pop": 15,
      "wind_cdir_full": "northeast",
      "slp": 1018.2,
      "app_max_temp": 4,
      "pres": 993.26,
      "dewpt": -0.3,
      "snow": 1.27,
      "uv": 2,
      "ts": 1519387200,
      "wind_dir": 52,
      "weather": {
        "icon": "c04d",
        "code": "804",
        "description": "Overcast clouds"
      },
      "app_min_temp": -0.2,
      "max_temp": 4.3,
      "snow_depth": 3.8,
      "precip": 1.03,
      "max_dhi": 261.7,
      "datetime": "2018-02-23",
      "temp": 2,
      "min_temp": 0.5,
      "clouds": 98,
      "vis": 10
    },
    {
      "wind_cdir": "NE",
      "rh": 86,
      "wind_spd": 2,
      "pop": 15,
      "wind_cdir_full": "northeast",
      "slp": 1017.5,
      "app_max_temp": 2.8,
      "pres": 992.16,
      "dewpt": -1.1,
      "snow": 0.54,
      "uv": 2,
      "ts": 1519473600,
      "wind_dir": 45,
      "weather": {
        "icon": "c03d",
        "code": "803",
        "description": "Broken clouds"
      },
      "app_min_temp": -2.4,
      "max_temp": 4.5,
      "snow_depth": 4.3,
      "precip": 0.74,
      "max_dhi": 339.7,
      "datetime": "2018-02-24",
      "temp": 1,
      "min_temp": 0,
      "clouds": 84,
      "vis": 9
    },
    {
      "wind_cdir": "NE",
      "rh": 87,
      "wind_spd": 6,
      "pop": 50,
      "wind_cdir_full": "northeast",
      "slp": 1017.9,
      "app_max_temp": -2.3,
      "pres": 992.36,
      "dewpt": -2.9,
      "snow": 34.32,
      "uv": 2,
      "ts": 1519560000,
      "wind_dir": 45,
      "weather": {
        "icon": "s02d",
        "code": "601",
        "description": "Snow"
      },
      "app_min_temp": -9.6,
      "max_temp": 2.5,
      "snow_depth": 38.6,
      "precip": 3.57,
      "max_dhi": 267.2,
      "datetime": "2018-02-25",
      "temp": -1,
      "min_temp": -3.3,
      "clouds": 97,
      "vis": 4
    },
    {
      "wind_cdir": "NE",
      "rh": 85,
      "wind_spd": 10,
      "pop": 60,
      "wind_cdir_full": "northeast",
      "slp": 1017.1,
      "app_max_temp": -7.7,
      "pres": 991.26,
      "dewpt": -3.2,
      "snow": 52.03,
      "uv": 2,
      "ts": 1519646400,
      "wind_dir": 45,
      "weather": {
        "icon": "s03d",
        "code": "601",
        "description": "Snow"
      },
      "app_min_temp": -11,
      "max_temp": -0.5,
      "snow_depth": 90.6,
      "precip": 4.88,
      "max_dhi": 250.5,
      "datetime": "2018-02-26",
      "temp": -1,
      "min_temp": -3,
      "clouds": 100,
      "vis": 4
    },
    {
      "wind_cdir": "NE",
      "rh": 95,
      "wind_spd": 7,
      "pop": 35,
      "wind_cdir_full": "northeast",
      "slp": 1009.4,
      "app_max_temp": -0.1,
      "pres": 984.66,
      "dewpt": 1.3,
      "snow": 18.31,
      "uv": 2,
      "ts": 1519732800,
      "wind_dir": 45,
      "weather": {
        "icon": "c04d",
        "code": "804",
        "description": "Overcast clouds"
      },
      "app_min_temp": -7.6,
      "max_temp": 4.5,
      "snow_depth": 108.9,
      "precip": 4.38,
      "max_dhi": 261.7,
      "datetime": "2018-02-27",
      "temp": 2,
      "min_temp": -1.3,
      "clouds": 98,
      "vis": 6
    },
    {
      "wind_cdir": "SW",
      "rh": 91,
      "wind_spd": 6,
      "pop": 75,
      "wind_cdir_full": "southwest",
      "slp": 1011.4,
      "app_max_temp": 0.9,
      "pres": 986.46,
      "dewpt": -2.3,
      "snow": 112.26,
      "uv": 2,
      "ts": 1519819200,
      "wind_dir": 225,
      "weather": {
        "icon": "s03d",
        "code": "602",
        "description": "Heavy snow"
      },
      "app_min_temp": -13.4,
      "max_temp": 5,
      "snow_depth": 221.2,
      "precip": 11.13,
      "max_dhi": 345.3,
      "datetime": "2018-02-28",
      "temp": -1,
      "min_temp": -6.3,
      "clouds": 83,
      "vis": 2
    },
    {
      "wind_cdir": "SE",
      "rh": 84,
      "wind_spd": 2,
      "pop": 0,
      "wind_cdir_full": "southeast",
      "slp": 1022.3,
      "app_max_temp": -3.4,
      "pres": 996.76,
      "dewpt": -6.3,
      "snow": 0,
      "uv": 4,
      "ts": 1519905600,
      "wind_dir": 135,
      "weather": {
        "icon": "c02d",
        "code": "802",
        "description": "Scattered clouds"
      },
      "app_min_temp": -13.3,
      "max_temp": -0.8,
      "snow_depth": 221.2,
      "precip": 0,
      "max_dhi": 691,
      "datetime": "2018-03-01",
      "temp": -4,
      "min_temp": -9.3,
      "clouds": 21,
      "vis": 10
    },
    {
      "wind_cdir": "NE",
      "rh": 90,
      "wind_spd": 2,
      "pop": 0,
      "wind_cdir_full": "northeast",
      "slp": 1020.1,
      "app_max_temp": 3.4,
      "pres": 994.96,
      "dewpt": 0.5,
      "snow": 0,
      "uv": 2,
      "ts": 1519992000,
      "wind_dir": 45,
      "weather": {
        "icon": "c04d",
        "code": "804",
        "description": "Overcast clouds"
      },
      "app_min_temp": -6.5,
      "max_temp": 5,
      "snow_depth": 221.2,
      "precip": 0,
      "max_dhi": 306.3,
      "datetime": "2018-03-02",
      "temp": 2,
      "min_temp": -3.5,
      "clouds": 90,
      "vis": 8
    },
    {
      "wind_cdir": "S",
      "rh": 90,
      "wind_spd": 0,
      "pop": 0,
      "wind_cdir_full": "south",
      "slp": 1013.7,
      "app_max_temp": 9.8,
      "pres": 988.96,
      "dewpt": 3.5,
      "snow": 0,
      "uv": 2,
      "ts": 1520078400,
      "wind_dir": 189,
      "weather": {
        "icon": "c04d",
        "code": "804",
        "description": "Overcast clouds"
      },
      "app_min_temp": 0.9,
      "max_temp": 9.8,
      "snow_depth": 153.6,
      "precip": 0,
      "max_dhi": 300.7,
      "datetime": "2018-03-03",
      "temp": 5,
      "min_temp": 1.5,
      "clouds": 91,
      "vis": 8
    },
    {
      "wind_cdir": "NE",
      "rh": 87,
      "wind_spd": 1,
      "pop": 0,
      "wind_cdir_full": "northeast",
      "slp": 1010.5,
      "app_max_temp": 11,
      "pres": 988.86,
      "dewpt": 6,
      "snow": 0,
      "uv": 3,
      "ts": 1520164800,
      "wind_dir": 45,
      "weather": {
        "icon": "c02d",
        "code": "802",
        "description": "Scattered clouds"
      },
      "app_min_temp": 2.9,
      "max_temp": 11,
      "snow_depth": 51.4,
      "precip": 0,
      "max_dhi": 534.9,
      "datetime": "2018-03-04",
      "temp": 8,
      "min_temp": 3.3,
      "clouds": 49,
      "vis": 9
    },
    {
      "wind_cdir": "SW",
      "rh": 70,
      "wind_spd": 9,
      "pop": 10,
      "wind_cdir_full": "southwest",
      "slp": 1009.5,
      "app_max_temp": 10.8,
      "pres": 987.86,
      "dewpt": 0.9,
      "snow": 0,
      "uv": 2,
      "ts": 1520251200,
      "wind_dir": 225,
      "weather": {
        "icon": "c03d",
        "code": "803",
        "description": "Broken clouds"
      },
      "app_min_temp": -2.1,
      "max_temp": 10.8,
      "snow_depth": 15.1,
      "precip": 1.63,
      "max_dhi": 384.3,
      "datetime": "2018-03-05",
      "temp": 6,
      "min_temp": 3.5,
      "clouds": 76,
      "vis": 10
    },
    {
      "wind_cdir": "SW",
      "rh": 61,
      "wind_spd": 7,
      "pop": 15,
      "wind_cdir_full": "southwest",
      "slp": 1016.8,
      "app_max_temp": 9.3,
      "pres": 994.86,
      "dewpt": -5.7,
      "snow": 0.61,
      "uv": 3,
      "ts": 1520337600,
      "wind_dir": 225,
      "weather": {
        "icon": "c02d",
        "code": "802",
        "description": "Scattered clouds"
      },
      "app_min_temp": -8.2,
      "max_temp": 9.3,
      "snow_depth": 15.7,
      "precip": 0.06,
      "max_dhi": 624.1,
      "datetime": "2018-03-06",
      "temp": 1,
      "min_temp": -1.8,
      "clouds": 33,
      "vis": 10
    },
    {
      "wind_cdir": "SE",
      "rh": 67,
      "wind_spd": 4,
      "pop": 0,
      "wind_cdir_full": "southeast",
      "slp": 1018,
      "app_max_temp": 1,
      "pres": 995.66,
      "dewpt": -4.4,
      "snow": 0,
      "uv": 6,
      "ts": 1520424000,
      "wind_dir": 135,
      "weather": {
        "icon": "c01d",
        "code": "800",
        "description": "Clear sky"
      },
      "app_min_temp": -6.1,
      "max_temp": 4.3,
      "snow_depth": 15.7,
      "precip": 0,
      "max_dhi": 791.4,
      "datetime": "2018-03-07",
      "temp": 1,
      "min_temp": -1.5,
      "clouds": 3,
      "vis": 10
    },
    {
      "wind_cdir": "NE",
      "rh": 71,
      "wind_spd": 4,
      "pop": 0,
      "wind_cdir_full": "northeast",
      "slp": 1012.3,
      "app_max_temp": 3.1,
      "pres": 990.36,
      "dewpt": -2.7,
      "snow": 0,
      "uv": 3,
      "ts": 1520510400,
      "wind_dir": 45,
      "weather": {
        "icon": "c02d",
        "code": "802",
        "description": "Scattered clouds"
      },
      "app_min_temp": -5.5,
      "max_temp": 6,
      "snow_depth": 15.7,
      "precip": 0,
      "max_dhi": 512.6,
      "datetime": "2018-03-08",
      "temp": 2,
      "min_temp": -1,
      "clouds": 53,
      "vis": 10
    },
    {
      "wind_cdir": "NE",
      "rh": 76,
      "wind_spd": 1,
      "pop": 15,
      "wind_cdir_full": "northeast",
      "slp": 1010,
      "app_max_temp": 4.7,
      "pres": 988.16,
      "dewpt": 1.1,
      "snow": 0,
      "uv": 2,
      "ts": 1520596800,
      "wind_dir": 45,
      "weather": {
        "icon": "c02d",
        "code": "802",
        "description": "Scattered clouds"
      },
      "app_min_temp": 4.7,
      "max_temp": 9.3,
      "snow_depth": 12.5,
      "dhi": 490.3,
      "precip": 0.06,
      "datetime": "2018-03-09",
      "temp": 5,
      "min_temp": 1,
      "clouds": 57,
      "vis": 10
    }
  ],
  "timezone": "Europe/Sofia",
  "lon": 27.87,
  "lat": 43.2,
  "country_code": "BG",
  "state_code": "61"
}